{
  "hash": "8376f207",
  "configHash": "82821482",
  "lockfileHash": "6f5f0f6c",
  "browserHash": "da294872",
  "optimized": {
    "@angular/cdk/bidi": {
      "src": "../../../../../../node_modules/@angular/cdk/fesm2022/bidi.mjs",
      "file": "@angular_cdk_bidi.js",
      "fileHash": "feda9e5e",
      "needsInterop": false
    },
    "@angular/cdk/text-field": {
      "src": "../../../../../../node_modules/@angular/cdk/fesm2022/text-field.mjs",
      "file": "@angular_cdk_text-field.js",
      "fileHash": "4a4d129c",
      "needsInterop": false
    },
    "@angular/common": {
      "src": "../../../../../../node_modules/@angular/common/fesm2022/common.mjs",
      "file": "@angular_common.js",
      "fileHash": "8e5c55a5",
      "needsInterop": false
    },
    "@angular/common/http": {
      "src": "../../../../../../node_modules/@angular/common/fesm2022/http.mjs",
      "file": "@angular_common_http.js",
      "fileHash": "7fc91b57",
      "needsInterop": false
    },
    "@angular/core": {
      "src": "../../../../../../node_modules/@angular/core/fesm2022/core.mjs",
      "file": "@angular_core.js",
      "fileHash": "5e018797",
      "needsInterop": false
    },
    "@angular/forms": {
      "src": "../../../../../../node_modules/@angular/forms/fesm2022/forms.mjs",
      "file": "@angular_forms.js",
      "fileHash": "b24ecbe0",
      "needsInterop": false
    },
    "@angular/material/button": {
      "src": "../../../../../../node_modules/@angular/material/fesm2022/button.mjs",
      "file": "@angular_material_button.js",
      "fileHash": "74ce162a",
      "needsInterop": false
    },
    "@angular/material/form-field": {
      "src": "../../../../../../node_modules/@angular/material/fesm2022/form-field.mjs",
      "file": "@angular_material_form-field.js",
      "fileHash": "fb49db58",
      "needsInterop": false
    },
    "@angular/material/input": {
      "src": "../../../../../../node_modules/@angular/material/fesm2022/input.mjs",
      "file": "@angular_material_input.js",
      "fileHash": "35991fdb",
      "needsInterop": false
    },
    "@angular/platform-browser": {
      "src": "../../../../../../node_modules/@angular/platform-browser/fesm2022/platform-browser.mjs",
      "file": "@angular_platform-browser.js",
      "fileHash": "8cafda67",
      "needsInterop": false
    },
    "@angular/platform-browser/animations": {
      "src": "../../../../../../node_modules/@angular/platform-browser/fesm2022/animations.mjs",
      "file": "@angular_platform-browser_animations.js",
      "fileHash": "339feef5",
      "needsInterop": false
    },
    "@angular/router": {
      "src": "../../../../../../node_modules/@angular/router/fesm2022/router.mjs",
      "file": "@angular_router.js",
      "fileHash": "7c888d9c",
      "needsInterop": false
    },
    "@ngx-translate/core": {
      "src": "../../../../../../node_modules/@ngx-translate/core/fesm2022/ngx-translate-core.mjs",
      "file": "@ngx-translate_core.js",
      "fileHash": "41a31ecc",
      "needsInterop": false
    },
    "html2canvas": {
      "src": "../../../../../../node_modules/html2canvas/dist/html2canvas.esm.js",
      "file": "html2canvas.js",
      "fileHash": "3ad776bb",
      "needsInterop": false
    },
    "jspdf": {
      "src": "../../../../../../node_modules/jspdf/dist/jspdf.es.min.js",
      "file": "jspdf.js",
      "fileHash": "3a26fbba",
      "needsInterop": false
    },
    "ng-recaptcha": {
      "src": "../../../../../../node_modules/ng-recaptcha/fesm2022/ng-recaptcha.mjs",
      "file": "ng-recaptcha.js",
      "fileHash": "f3166bef",
      "needsInterop": false
    },
    "zone.js": {
      "src": "../../../../../../node_modules/zone.js/fesm2015/zone.js",
      "file": "zone__js.js",
      "fileHash": "0ef37dd2",
      "needsInterop": true
    }
  },
  "chunks": {
    "purify.es-WOMKSFWJ": {
      "file": "purify__es-WOMKSFWJ.js"
    },
    "index.es-WGXZRVSI": {
      "file": "index__es-WGXZRVSI.js"
    },
    "chunk-RZMVDQX4": {
      "file": "chunk-RZMVDQX4.js"
    },
    "chunk-MJ4ARQY2": {
      "file": "chunk-MJ4ARQY2.js"
    },
    "chunk-ZANWYCA4": {
      "file": "chunk-ZANWYCA4.js"
    },
    "chunk-WUUVWCMF": {
      "file": "chunk-WUUVWCMF.js"
    },
    "chunk-OPFH2UJQ": {
      "file": "chunk-OPFH2UJQ.js"
    },
    "chunk-DWLY2IMG": {
      "file": "chunk-DWLY2IMG.js"
    },
    "chunk-I7DZCWG4": {
      "file": "chunk-I7DZCWG4.js"
    },
    "chunk-RFSUWLW6": {
      "file": "chunk-RFSUWLW6.js"
    },
    "chunk-EMVZJLKM": {
      "file": "chunk-EMVZJLKM.js"
    },
    "chunk-4SIRLEOY": {
      "file": "chunk-4SIRLEOY.js"
    },
    "chunk-ZNQGBKRZ": {
      "file": "chunk-ZNQGBKRZ.js"
    },
    "chunk-DASHI2JV": {
      "file": "chunk-DASHI2JV.js"
    },
    "chunk-3XUIDCKA": {
      "file": "chunk-3XUIDCKA.js"
    },
    "chunk-TXDUYLVM": {
      "file": "chunk-TXDUYLVM.js"
    }
  }
}